{
    "exact": 0.6666841576085522,
    "bks": {
        "m": [
            10,
            11,
            12,
            13,
            14,
            15,
            16,
            17,
            18,
            19,
            20,
            21,
            22,
            23,
            24,
            25,
            26,
            27,
            28,
            29,
            30,
            31,
            32,
            33,
            34,
            35,
            37,
            38,
            40,
            41,
            43,
            45,
            47,
            50,
            52,
            55,
            58,
            62,
            66,
            71,
            76,
            83,
            90,
            100,
            111,
            125,
            142,
            166,
            200,
            250,
            333,
            500,
            1000
        ],
        "risk": [
            0.7851401606924572,
            0.7713610042773759,
            0.7604633949223298,
            0.7473623332116652,
            0.7440514928230526,
            0.7360408328574306,
            0.7317059965023821,
            0.7280407837891615,
            0.7241567474415795,
            0.7229969038739839,
            0.7178331275797731,
            0.7113745451140014,
            0.7094444893360862,
            0.7069482191853939,
            0.7048777399865359,
            0.7017193940802102,
            0.7020221457916078,
            0.6999763940693934,
            0.7003238538759994,
            0.6974516455973664,
            0.6971388657573996,
            0.6962247176111039,
            0.6948343538834483,
            0.6927010415785847,
            0.6920792006941388,
            0.6909771220914688,
            0.688809242976622,
            0.6870546380684588,
            0.6852944861844293,
            0.684406620571574,
            0.6831742401501002,
            0.6824021887033216,
            0.6804480192758078,
            0.6801488591017932,
            0.6800567135674331,
            0.6789452273657476,
            0.6774089841766121,
            0.6779072410005041,
            0.6768189245260423,
            0.6765882745199553,
            0.674885875843618,
            0.6743719341144775,
            0.674761393109263,
            0.6737206349343563,
            0.674454809385175,
            0.6727567516878669,
            0.671740871134143,
            0.670698505499717,
            0.6697884895342746,
            0.6690855849718855,
            0.6692047405105064,
            0.6680665188331173,
            0.6672898351445575
        ]
    },
    "alo": {
        "30": {
            "inv_m": [
                0.06666667,
                0.06666667,
                0.06666667,
                0.06666667,
                0.0625,
                0.0625,
                0.0625,
                0.05882353,
                0.05882353,
                0.05882353,
                0.05555556,
                0.05555556,
                0.05555556,
                0.05555556,
                0.05263158,
                0.05263158,
                0.05263158,
                0.05,
                0.05,
                0.05,
                0.04761905,
                0.04761905,
                0.04761905,
                0.04545455,
                0.04545455,
                0.04545455,
                0.04545455,
                0.04347826,
                0.04347826,
                0.04347826,
                0.04166667,
                0.04166667,
                0.04166667,
                0.04,
                0.04,
                0.04,
                0.03846154,
                0.03846154,
                0.03846154,
                0.03846154,
                0.03703704,
                0.03703704,
                0.03703704,
                0.03571429,
                0.03571429,
                0.03571429,
                0.03448276,
                0.03448276,
                0.03448276,
                0.03333333
            ],
            "risk": [
                0.7247260191,
                0.74049217393,
                0.7468810296280001,
                0.735097290944,
                0.7341795933940001,
                0.726537267732,
                0.730604948028,
                0.733367602056,
                0.732820970174,
                0.7337078617920001,
                0.71793240249,
                0.7275588734339999,
                0.719819336294,
                0.730396933998,
                0.720064457266,
                0.715786345224,
                0.71257484476,
                0.7134446820920001,
                0.714574858704,
                0.7150518100840001,
                0.714807395548,
                0.710690600086,
                0.7175076040580001,
                0.705451791374,
                0.707296567084,
                0.7122527463780001,
                0.71686955053,
                0.712032057358,
                0.713762828294,
                0.710968836758,
                0.709057267876,
                0.7073389613659999,
                0.70899815453,
                0.703366548868,
                0.710496469006,
                0.699238548754,
                0.7024764813019999,
                0.70447375358,
                0.7046807676319999,
                0.700958608352,
                0.700426776084,
                0.700981022756,
                0.704534841418,
                0.701467867856,
                0.701747097028,
                0.701413650974,
                0.698798130492,
                0.6984173757859999,
                0.700362560858,
                0.6980727231380001
            ],
            "w": [
                0.658416262774,
                1.174705510994
            ]
        },
        "50": {
            "inv_m": [
                0.04,
                0.04,
                0.03846154,
                0.03846154,
                0.03703704,
                0.03703704,
                0.03571429,
                0.03571429,
                0.03448276,
                0.03448276,
                0.03333333,
                0.03333333,
                0.03225806,
                0.03225806,
                0.03125,
                0.03125,
                0.03030303,
                0.03030303,
                0.02941176,
                0.02941176,
                0.02857143,
                0.02857143,
                0.02777778,
                0.02777778,
                0.02702703,
                0.02702703,
                0.02631579,
                0.02631579,
                0.02564103,
                0.02564103,
                0.025,
                0.025,
                0.02439024,
                0.02439024,
                0.02380952,
                0.02380952,
                0.02325581,
                0.02325581,
                0.02272727,
                0.02272727,
                0.02222222,
                0.02222222,
                0.02173913,
                0.02173913,
                0.0212766,
                0.0212766,
                0.02083333,
                0.02083333,
                0.02040816,
                0.02
            ],